Text,Image Link,Date,Hashtags,Tweet URL
"It's so interesting how powerful our utterances are.  A year ago today, i spoke the life i wanted into being. Today, well...  let me just say... I feel nothing but gratitude.",https://pbs.twimg.com/media/FReNluRXMAEP4C0?format=jpg&name=900x900,04/29/2022,#Blessed #PlusOne #ThoughtsBecomeThings,https://twitter.com/jessicaosgh/status/1519839080011423746
Blessed to be ranked‚≠êÔ∏è‚≠êÔ∏è‚≠êÔ∏è‚≠êÔ∏è,https://pbs.twimg.com/media/FRh60UFXEAA32Tm?format=jpg&name=large,04/29/2022,#AGTG #Blessed #Ripgranny,https://twitter.com/OttisjonesIV/status/1520099921663250439
"And so so emotional right now.
Just THANK YOU.üôèüèª",https://pbs.twimg.com/media/FRg2YPzagAEqEyT?format=jpg&name=medium,04/29/2022,#Grateful #Blessed ,https://twitter.com/RukminiMaitra/status/1520024674285273095
Plan the direction you want to go.,https://pbs.twimg.com/media/FRxd8BhWYAA3rxy?format=png&name=4096x4096,05/02/2022,#determination #motivation #lifestyle #strong #dedication #inspiration #success #goals #focus #nevergiveup #believe,https://twitter.com/OshunPublicaton/status/1521194064816787457
Developing your organisation‚Äôs strategic thinking skills can help to create clear and realistic business plans underpinned by strategic intelligence. ,https://pbs.twimg.com/media/FRxd9jEXsAYvoeI?format=jpg&name=900x900,05/02/2022,#Strategy #Leadership #Goals #Planning #Skills,https://twitter.com/interchangepd/status/1521194093845618691
Be thankful... ‚ù§Ô∏è,https://pbs.twimg.com/media/FRvV2HfXIAAk0PX?format=jpg&name=900x900,05/02/2022,#goals,https://twitter.com/marshawright/status/1521044426281345024
Last day of Rio carnival and birthday flowers ‚Äì Monday‚Äôs best photos http://dlvr.it/SPczgV,https://pbs.twimg.com/media/FRwbzPRVsAAFvld?format=jpg&name=900x900,05/02/2022,#photography,https://twitter.com/ZaibatsuPlanet/status/1521121343390961665
Goodnight my friends !,https://pbs.twimg.com/media/FRsiEyOWYAApL7s?format=jpg&name=900x900,05/01/2022,#photos #photography #night #moonlight,https://twitter.com/KatanaHugo/status/1520846780816048132
A gift from the nature for you !,https://pbs.twimg.com/media/FRvNRtXWQAIgVNs?format=jpg&name=900x900,05/02/2022,#photos #photography #nature #trees #gift,https://twitter.com/KatanaHugo/status/1521035042646073345
"üí∏ $250 Giveaway

This will be a tough one üòâ

We'll select 10 correct answers randomly and award $25 to each account!

Rules: üëá

1Ô∏è‚É£ Tag a Friend
2Ô∏è‚É£ Must Like, Follow & Retweet 
3Ô∏è‚É£ Ends 4th of May",https://pbs.twimg.com/media/FRuXORJXoAAFXoM?format=jpg&name=900x900,05/02/2022,#contest #Prize #competition #BTC #ETH #Giveaway,https://twitter.com/gamdom/status/1521157568663482369
"üö®GIVEAWAY TIMEüö®

We are giving away some official A$$ sweaters!

Like, RT and tag 3 friends on this post! Must be a Diamond Hands Holder to be considered eligible!

üíéx3 winners in 72 hoursüíé",https://pbs.twimg.com/media/FRtvJqdX0AEACPe?format=jpg&name=medium,05/02/2022,#NFT #NFTCommunity #Giveaways #Contest #digitalart #Web3 #WAGMI #Crypto #NFTs #merch #DiamondHands #Holder,https://twitter.com/AlienSecretSoc/status/1520941349113057284
"Crossing my fingers I win $5,000 from 
@TMobile
 ü§û",https://pbs.twimg.com/ad_img/1362871720730746884/jR4GDWdt?format=png&name=900x900,05/02/2022,#5Gsfor5G #contest,https://twitter.com/BookDragon_Kat/status/1521196690535075841
"He may have already seen it considering how much of a media savant he is, but I‚Äôd be very interested to hear 
@Kojima_Hideo
 thoughts on the David Mamet film Redbelt.",https://pbs.twimg.com/media/FRuP9PNUYAAGebz?format=jpg&name=large,05/01/2022,#movies,https://twitter.com/ObservantGun/status/1520967585226903555
Comment down..,https://pbs.twimg.com/media/FRr6asKacAEVqzP?format=jpg&name=900x900,05/01/2022,#villain #villains #series #tvseries #movie #movies #rvcjmovies,https://twitter.com/rvcjmovies/status/1520803166941458432
"Friday the 13th Countdown
Day 2
Horror and Movie Game Challenge
Spot the films!",https://pbs.twimg.com/media/FRwLh8SXoAA95DA?format=jpg&name=small,05/02/2022,#HorrorCommunity #movies,https://twitter.com/JasonVoorheesIM/status/1521103468387311618
Started May off with a run in the park. 4.4 miles,https://pbs.twimg.com/media/FRsjUBuVIAAsx2-?format=jpg&name=900x900,05/01/2022,#running #fitness,https://twitter.com/PangPangKat/status/1520848144325496832
"Another day, another 5 miles. I'm on a 4 day streak, feeling amazing ",https://pbs.twimg.com/media/FRwYvuTXIAA_A4N?format=jpg&name=large,05/02/2022,#run #running,https://twitter.com/Brianrpgxme/status/1521117991001284609
"Bank Holiday Monday Evening Run, hope everyones had a fab long Weekend üôåüèªü•≥",https://pbs.twimg.com/media/FRxfR0VXIAIwVO4?format=jpg&name=900x900,05/02/2022,#fitover40 #dedication #running #strava #stravarun #fitnessmotivation #runningmotivation #runningman #runningcommunity #GoodEvening #GoodEveningTwitter,https://twitter.com/Rich_UK_Runner/status/1521195540918190081
"The golden kids are quite rare and you don't see them a lot. üì¶üëÄ
 
üéâ 3x whitelist giveaway for Carton Kids

To enter:
‚úÖ Follow 
@CartonkidsNFT
 & 
@YAKIEBV
 
‚úÖ Like, RT & Tag 2 friends.

Winners will be picked within 48 hours.",https://pbs.twimg.com/media/FRsEf6LWUAADyEp?format=jpg&name=900x900,05/01/2022,#Cartonkids #giveaway,https://twitter.com/CartonkidsNFT/status/1520814555361861632
"üéÅTrippyKidz WL GIVEAWAY üéÅ 

üèÜ2x WL Spots 

To Enter: 
1‚É£Follow 
@TrippyKidzNFT
 & 
@TheSolanaBoss

2‚É£RT, ‚ù§Ô∏è & tag 2 friends 

üîîWinners announced in 48 hoursüîî ",https://pbs.twimg.com/media/FRq3D_JWQAElTag?format=jpg&name=900x900,05/01/2022,#SolanaNFTs #Giveaway,https://twitter.com/TheSolanaBoss/status/1520734784724430849
"RT and follow 
@OriginalFunko
 for the chance to WIN the Marvel: Doctor Strange in the Multiverse of Madness - Doctor Strange POP! Not feeling lucky? Pre-Order now: https://bit.ly/3F4cwYm",https://pbs.twimg.com/media/FRt8ga6X0AArjzg?format=jpg&name=small,05/01/2022,#Funko #FunkoPOP #Giveaway #Marvel,https://twitter.com/OriginalFunko/status/1520946201390202880
"Hello Monday.

Happy to see you again.

I‚Äôll try not to waste a moment of our precious time together on anything but love & light.

Let‚Äôs get it poppin‚Äô!

With Gratitude, Donald üôèüèº‚ù§Ô∏è",https://pbs.twimg.com/media/FRM_QIZXsAMo4r1?format=jpg&name=900x900,04/25/2022,#MondayMotivation #MondayMood #Thankful,https://twitter.com/DonnieWahlberg/status/1518627053381238785
Today I am thankful for the NHS. This is today's medication to try to keep me vaguely healthy. Tomorrow I'll have to do an injection as well. I pay roughly ¬£10 a month for a pre payment prescription scheme which covers pretty much all of it.,https://pbs.twimg.com/media/FRs21boXMAE2M1m?format=jpg&name=900x900,05/02/2022,#thankful,https://twitter.com/jennr_jenn/status/1520869611490607104
More deliveries!!!!,https://pbs.twimg.com/media/FRxKX42UUAElccj?format=jpg&name=medium,05/02/2022,#thankful,https://twitter.com/LJtheInnovator/status/1521172556308525058
"LyricsChoice. com

| Domain name for sale!
| BIN settled on 
@afternic
 

‚Ä¢Open for offering!",https://pbs.twimg.com/media/FRu1KIoaMAA81Vg?format=jpg&name=900x900,05/02/2022,#domains #lyrics #lyric #music #MusicaInternacional #MusicNFTs #musical #lyricistvivek #lyricist #ArtistOnTwitter #Songs,https://twitter.com/numan_ah/status/1521008489367482368
You‚Äôve jammed my song Treason 20.5K times. Thank you üñ§,https://pbs.twimg.com/media/FRxi21PWQAAxlP5?format=jpg&name=900x900,05/02/2022,#dubstep #edm #music #vocalist #singer #metalcore,https://twitter.com/kaedodubz/status/1521199474252468224
"Billboard POP Pick review for
On This Day - May 2nd 1987

It‚Äôs Ozzy/Randy Tribute

‚ÄúOne of rock‚Äôs most celebrated guitarist is remembered‚Ä¶‚Äù

What would your review of the album be? ",https://pbs.twimg.com/media/FRxgRJiX0AIKgxO?format=jpg&name=900x900,05/02/2022,#classic #music #HardRock #USA #OnThisDay,https://twitter.com/mitchlafon/status/1521196625766592512
Netflix: Are you still watching? funny memes,https://pbs.twimg.com/media/FRcyxE3VEAUqIl-?format=jpg&name=900x900,04/28/2022,#funny #memes #comedy #fail #jokes #fun #fail #meme #hehe #lol,https://twitter.com/FailgagsFunny/status/1519739380448985088
"ü§£""I'AM NOT A GYNECOLOGIST BUT I WILL TAKE A LOOK""ü§£

üî¥ WE All need a good Laugh Everyday follow us on Twitter to get yours!! ",https://pbs.twimg.com/media/FRcdb0JXIAE4Ro_?format=jpg&name=900x900,04/28/2022,#comedy #lol #memes #elonmusk #elonmuskbuystwitter,https://twitter.com/THENEWSGOAT/status/1519715765401829378
SHARE A LAUGH.,https://pbs.twimg.com/media/FRUo5SUVsAAXPtO?format=jpg&name=small,04/27/2022,#funny #comedy #laughter #jokes #laugh #genderreveal #party #reveal,https://twitter.com/CariLynn_01/status/1519165415162662912
Best Bluetooth Speaker,https://pbs.twimg.com/media/FRxnPH4VkAAb3sr?format=jpg&name=900x900,05/02/2022,#technology #gadgets #science #tech,https://twitter.com/Digital00382448/status/1521204286281060352
"This time I tried to make a visualization of few Network Attacks. Do lemme know if you'd like to see more.

Download : https://securityzines.com/flyers/networkattacks.html",https://pbs.twimg.com/media/FRNBfglUYAAyYGL?format=jpg&name=medium,04/25/2022,#infosec #appsec #network #technology #cybersecurity,https://twitter.com/sec_r0/status/1518629805205323776
Me and Lee proud as punch in the middle of our manufacturing facility. ,https://pbs.twimg.com/media/FRw_CbnXEAEOVGv?format=jpg&name=medium,05/02/2022,#marketleading #technology #greentech #evcharging #smarthome #ecohome,https://twitter.com/JordeeBrompton/status/1521160089360650240
"Let's give away a 2021 Panini Mosaic  Fanatics Football Blaster Box! 

To enter: FOLLOW, LIKE & RT this post! 
Won before?!? Cool, enter again! 

Winner drawn Sunday, May 1st (PST) Good Luck! ",https://pbs.twimg.com/media/FRcpJglVsAAuxQG?format=jpg&name=900x900,04/28/2022,#GiveBack #TheHobby #NFL #Maevro #Panini  #Fanatics #Football,https://twitter.com/maevro/status/1519728647824834561
"The way-too-early 2023 NFL mock draft via 
@sethroto
 
@yardbarker
 
@nfl
 
@NFLDraft",https://pbs.twimg.com/media/FRxWShGXoAYHuqJ?format=jpg&name=900x900,05/02/2022,#nfl #football #nfldraft #2023nfldraft #nfldraft2023,https://twitter.com/RevPaulRevere/status/1521185941964083200
"Great time t‚Äôup north, being a geordie for the weekend ‚ö´Ô∏è‚ö™Ô∏è",https://pbs.twimg.com/media/FRxmnJoXoAQUJ4Z?format=jpg&name=900x900,05/02/2022,#weekend #weekendvibes #bankholiday #newcastle #football #drinks #food #goodtimes,https://twitter.com/Richsell11/status/1521203602995433472
"Following a good season with Napoli, PL Giants Liverpool, Man United and Arsenal are eyeing a move for Victor Osimhen. Osimhen has scored 13 goals and assisted 2 in 24 Serie A Games.",https://pbs.twimg.com/media/FRuloG5X0AAGhAu?format=jpg&name=900x900,05/02/2022,#SerieA #PremierLeague #football #soccer #arsenal #LiverpoolFC #ManchesterUnited,https://twitter.com/supersubEN/status/1520992386779865094
May t(w)oo?!,https://pbs.twimg.com/media/FRwb8s0VcAAEPE_?format=jpg&name=900x900,05/02/2022,#MUFC #CristianoRonaldo #EPL #soccer #football,https://twitter.com/pratheesh_money/status/1521121514627629056
"Vancouver Whitecaps explain extended decision-making behind Cubas transfer!‚öΩÔ∏è
-
https://futpost.com/news/vancouver-whitecaps-explain-extended-decision-making-behind-cubas-transfer
-
-
-",https://pbs.twimg.com/media/FRxpjoyXEAcBkio?format=jpg&name=900x900,05/02/2022,#soccer #soccergame #soccerball #soccerlife #SoccerPlayer #futpost #soccerpractice #vancouverwhitecaps,https://twitter.com/fut_post/status/1521206838196416514
"The village of Gorenka, Ukraine. The elderly lady bakes Easter cakes in her ruined house. These people lost everything but they are not giving up.",https://pbs.twimg.com/media/FRnTtRzWYAAfCp2?format=jpg&name=900x900,04/30/2022,#Ukraine,https://twitter.com/search?q=%23ukraine&src=typed_query
Kutuzivka near Kharkiv was liberated from Russia invaders on April 28th. People hug Ukrainian Army. That‚Äôs what true liberation is.,https://pbs.twimg.com/media/FRnz_1MXwAEuwLJ?format=jpg&name=900x900,04/30/2022,#StandWithUkraineÔ∏è #ArmUkraineNow #Ukraine #Russia #UkrainianArmy,https://twitter.com/olex_scherba/status/1520514834877530117
UPDATE - Yesterday's Ukraine attack on the Rus. HQ in Izium was designed to liquidate the high-value target - chief of Gen. Staff of RAF Gen. Valeriy Gerasimov. The Kremlin sent him to get a victory for the May 9 parade. Gerasimov was close to the blast but wounded. [Thread‚¨áÔ∏è],https://pbs.twimg.com/media/FRrQ64DWUAIGyOX?format=jpg&name=900x900,05/01/2022,#Izium #Ukraine,https://twitter.com/MrKovalenko/status/1520757617437683713
What‚Äôs The Best Album In This Picture ?,https://pbs.twimg.com/media/FRQ-9aBXIAA4UyK?format=jpg&name=small,04/26/2022,#Firebarzzz #hiphop,https://twitter.com/ColdPieceCITY/status/1518908200787058690
"Performance by Stick Icky feat. Mr.DASJO at Beasts of the Bay (Collingwood Simcoe Theater) 
It was a rock'n show!",https://pbs.twimg.com/media/FRv3R8UXMAEI768?format=jpg&name=medium,05/02/2022,#hiphop #beastsofthebay #StickIcky,https://twitter.com/dasjo_corp/status/1521081309631856641
"On this day in 2011, 
@therealjuicyj
 & 
@SmokedOutLuger
 released their second collaborative mixtape: Rubba Band Business Part 2. 

Name your fav tracks! üéßüíø",https://pbs.twimg.com/media/FRwVyz1VUAERjgD?format=jpg&name=900x900,05/02/2022,#HipHop #JuicyJ #LexLugar #RubbaBandBusinessPart2 #OnThisDay,https://twitter.com/PureRapPodcast/status/1521114741023813632
I spend about 40mins each day trying to search for Jobs for LOML and send them to her. In case you need a community or social worker. She's available! with a bachelor of Arts in community development (Distinction) with over 4 years experience. Kalukushalois@gmail.com,https://pbs.twimg.com/media/FRVyOyYXEAI1HJ8?format=jpg&name=900x900,04/27/2022,#WCW #community #development,https://twitter.com/marvn_sinclair/status/1519246070785744898
‚ù§Ô∏è i love having you by my side.,https://pbs.twimg.com/media/FRVPs4gXIAY09y5?format=jpg&name=medium,04/27/2022,#WCW,https://twitter.com/MiZzRilO/status/1519208092214435842
Wednesdays are for crushes.. .. ü§≠üòÅüòãüòçüî•üî•,https://pbs.twimg.com/media/FRVHSxxXwAYpgog?format=jpg&name=900x900,04/27/2022,#wcw.,https://twitter.com/SebagaM/status/1519198841043656705
Thursday Thoughts -Those who go to satlok abstain all the comfort without doing any work.,https://pbs.twimg.com/media/FRZNUMtacAABypD?format=jpg&name=900x900,04/28/2022,#ThursdayThoughts #GodMorningThursday,https://twitter.com/OfficialShiva29/status/1519486944560164864
"The SatGuru provide such a way of worship by which a worshipper flies like a bird and goes to satlok.
- Supreme SatGuru Rampal Ji Maharaj",https://pbs.twimg.com/media/FRZbXyyaAAAJMTA?format=jpg&name=900x900,04/28/2022,#ThursdayThoughts,https://twitter.com/SonaliS71777538/status/1519502420417871874
"Sant Rampal Ji Maharaj gives real Real Sadhna of Shri Brahma ji, Shri Vishnu ji and Shri Shiv ji according to Holy scriptures.

üåêVisit SATLOK ASHRAM YouTube channel",https://pbs.twimg.com/media/FRZfA7BaQAAU8C4?format=jpg&name=900x900,04/28/2022,#ThursdayThoughts #TheRightSpiritualPath,https://twitter.com/Jaatni137/status/1519506406105575424
"Reminder: The competition ends on Monday! Re-tweet, like and follow for a chance to win this Berico red wine with rustic wooden gift box.",https://pbs.twimg.com/media/FRWIKYVWUAEywt-?format=jpg&name=900x900,04/27/2022,#competition #competitionuk #giveaway  #giveawayuk #wine #win #prize #free,https://twitter.com/GlobalAuctionUK/status/1519270162259709954
xtime! Win one of 5 signed copies of middle grade adventure üåüSister To A Starüåüfor your primary school library. All you have to do is #RT this. UK only. Winner announced on Wed May 5.,https://pbs.twimg.com/media/FRqMD4HXMAA5Rfs?format=jpg&name=medium,"May 1, 2022",#library #librarians #readingforpleasure #educhat #BookGiveaway #ChildrensBooks #Competition,https://twitter.com/itsmeEloise/status/1520681850792030208
"Competition Time! To celebrate our Supernatural event Cross Roads 4 taking place this weekend, we have 
@OriginalFunko
 of Castiel and Crowley, signed by 
@mishacollins
 and 
@Mark_Sheppard


For a chance to win these 
@OriginalFunko
, simply follow and retweet
",https://pbs.twimg.com/media/FRm6NSPWQAEmXyC?format=jpg&name=small,"Apr 30, 2022",#Competition #Supernatural,https://twitter.com/starfuryevents/status/1520451090776563713
This is considered to be Far Right by today's Democrats. Think about it.,https://pbs.twimg.com/media/FRg_3oMXwAYjTvz?format=jpg&name=900x900,"Apr 29, 2022",#FridayFeeling,https://twitter.com/politiwars/status/1520035275459772418
Hoping Friday takes you somewhere special  Bodnant Gardens ,https://pbs.twimg.com/media/FRfc7hjXsAAI3PD?format=jpg&name=large,"Apr 29, 2022",#Wales #gardens #flowers #FridayFeeling,https://twitter.com/ChloeLe39602964/status/1519926810053652485
Be authentically you!,https://pbs.twimg.com/media/FRghgisXwAAlB5u?format=jpg&name=900x900,"Apr 29, 2022",#FridayFeeling #Authentic,https://twitter.com/gratefuledu64/status/1520001721883320320
Take advantage of the opportunity in front of you. ,https://pbs.twimg.com/media/FRckjviVsAACVp1?format=jpg&name=medium,"Apr 28, 2022",#NFLDraft2022 #TBT,https://twitter.com/Edelman11/status/1519723600542007296
TBT ‚Ä¶ Me at 9 weeks old ‚Ä¶ all fancy in my new puffa jacket‚Ä¶.Coco,https://pbs.twimg.com/media/FRaERShXsAAbEzb?format=jpg&name=large,"Apr 28, 2022",#thursdayvibes #Tbt #Puppies #cute,https://twitter.com/doggiemax7/status/1519547377908174848
"to the greatest NFL Draft flex/troll of all time. Shoutout the üêê! 
@Jaboowins",https://pbs.twimg.com/media/FRbes1BXwAAWgZV?format=jpg&name=medium,"Apr 28, 2022",#TBT,https://twitter.com/DoubleFriesPod/status/1519646791410585600
Zimbabwe you beauty! Can you guess the location üáøüáºüáøüáº ,https://pbs.twimg.com/media/FRRgfJgXwAI9P7D?format=jpg&name=medium,"Apr 26, 2022",#zimbabwe #TravelTuesday,https://twitter.com/ameera_mims/status/1518945075904094208
Throwback to Rothenburg ob der Tauber. One of the most beautiful places to visit in Germany!,https://pbs.twimg.com/media/FRTm5FhXwAEIc52?format=jpg&name=large,"Apr 26, 2022",#travelphotography #traveling #europe #germany #traveltuesday,https://twitter.com/NothingFamiliar/status/1519092861890932736
Who else has a heart made for travel?,https://pbs.twimg.com/media/FRRjXpmXIAEflAO?format=jpg&name=small,"Apr 26, 2022", #TravelTuesday #travelblogger,https://twitter.com/girlwitpassport/status/1518948233917181952
"Put yourself in their place, see the world from their perspective and why you should be vegan will be clear",https://pbs.twimg.com/media/FRIGdXOXEAcfXmv?format=jpg&name=900x900,"Apr 24, 2022",#meat #vegan #justice,https://twitter.com/TheTrueCompton/status/1518283130125393924
"If you choose to eat meat, cheese, and milk. I think at the very least, you are obligated to see the pain and suffering you are causing. Stop Supporting Animal Cruelty GoVegan",https://pbs.twimg.com/media/FRlnPWrXIAIsibN?format=jpg&name=small,"Apr 30, 2022",#AnimalRights #Dairy #GoVegan #EndSpeciesism #Vegan #RosesLaw,https://twitter.com/sonic1938/status/1520368802965463044
"Strawberry white chocolate jar  Ingredients: chia seeds, plant based milk,yogurt ,maple syrup and granola.",https://pbs.twimg.com/media/FRI_altXIAUxobG?format=jpg&name=900x900,"Apr 24, 2022",#healthy #dessert #vegan,https://twitter.com/Alex52013122/status/1518345755756576769
Flex your way to the top... With IG superstar and entrepreneur Eric Abrons,https://pbs.twimg.com/media/FRXAUn_XoAAqtg9?format=jpg&name=large,"Apr 27, 2022",#muscle #fit #fitness #FitnessMotivation #bodybuilding #flex #workout #NYC #aesthetic #healthy #sweat #shredded #CalvinKlein,https://twitter.com/hallenbeckphoto/status/1519332392066064384
Who‚Äôs getting ready for summer!?,https://pbs.twimg.com/media/FRk7fgWXoAEbM9h?format=jpg&name=large,"Apr 30, 2022",#fitness #summer #vibes,https://twitter.com/Myatt92/status/1520311771617239040
Adults who didn‚Äôt begin exercising until middle age (age 40-61) lowered their risk of death from all causes by 35% even though they started ‚Äúlate.‚Äù (JAMA Open Network),https://pbs.twimg.com/media/FRmCqraXEAA_Bzg?format=jpg&name=medium,"Apr 30, 2022",#fitness #health #longevity,https://twitter.com/DrKristieLeong/status/1520390021727105024
The Endsinger,https://pbs.twimg.com/media/FRuSp1oWYAIX04-?format=jpg&name=large,"May 1, 2022",#FFXIV #FF14 #Endwalker #EndwalkerSpoilers #Meteion #sketch #art,https://twitter.com/_LuNoiR_/status/1520970556983504896
"A much needed analog retreat. Just  my imagination, watercolour, watercolour sticks on 
@StCuthbertsMill
  Saunders Waterford paper. Absolute bliss. 56cm x 76cm w each. Good size to work on.",https://pbs.twimg.com/media/FRuSi-RVgAE4Tfa?format=jpg&name=900x900,"May 1, 2022",#ContemporaryArt #art #Watercolourpainting #artcollector,https://twitter.com/andyyangsookit/status/1520970434002386944
Goodmorning friends...some more progress of my spotted Woodpecker..but still a long way to go..,https://pbs.twimg.com/media/FRuScfmaUAA-YRt?format=jpg&name=large,"May 1, 2022",#art #Artist #artistsontwitter #birds #birding #wildlifeart #Woodpecker #drawing #drawingart #colouredpencilart,https://twitter.com/rupabarna14/status/1520970335864037377
"If they say ""well begun is half done"" . . Have I already reached Wednesday?",https://pbs.twimg.com/media/FRuNfFQVUAEuovm?format=jpg&name=medium,"May 1, 2022",#fitness #FitnessMotivation,https://twitter.com/bindasfauji/status/1520964868962091009
~ Autumn landscape ~ Digital art from my watercolor painting,https://pbs.twimg.com/media/FRk1dwcXsAAKeOl?format=jpg&name=900x900,"Apr 30, 2022",#paintingoftheday #artwork #artistsontwitter #art,https://twitter.com/MikkoTyllinen/status/1520305559303602178
"This is my new painting ""A Challenge Anew"".",https://pbs.twimg.com/media/FRipi8RWQAA8xZv?format=jpg&name=900x900,"Apr 30, 2022",#art #painting,https://twitter.com/ampomata/status/1520337160502583296
"So excited to head to Minneapolis with my daughter.Cheering for 
@uoflWBB
 is our thing.",https://pbs.twimg.com/media/FPBFpxvUcAEi43E?format=jpg&name=medium,"Mar 29, 2022",#FinalFour #MarchMadness #GirlsTrip,https://twitter.com/cardsjenny/status/1508782463350304770
I never played in the NCAA Final 4 but I lead my team to the NIT Final 4. As a mid major team from Detroit the experience was something I‚Äôll forever cherish.,https://pbs.twimg.com/media/FPDNGTwXMAUKETr?format=jpg&name=large,"Mar 29, 2022",#MarchMadness,https://twitter.com/RP3natural/status/1508931386710925313
"Thanks for the incredible season, 
@umichwbball
 and 
@umichbball
! We üíô supporting you!",https://pbs.twimg.com/media/FPBz8s6XsAkTJ9U?format=jpg&name=900x900,"Mar 29, 2022",#UMichBand #GoBlue #MarchMadness,https://twitter.com/umichband/status/1508833500258000909
"Feels like a dream ‚ú® 

My first year at Louisville as a GA 
@UofLWBB
 went dancing to the Final Four. My first year back we are headed there again

Let‚Äôs keep it rollin‚Äô ",https://pbs.twimg.com/media/FPCEQvuXwAglAAw?format=jpg&name=medium,"Mar 29, 2022¬∑",#GoCards #MarchMadness,https://twitter.com/amanda_roussin/status/1508851303988051976
"OTD in 1982, 19-year-old NorthCarolina freshman Michael Jordan makes a 16-foot jump shot with 15 seconds left to give the #TarHeels a 63-62 win over #Georgetown for the NCAA Tournament championship.",https://pbs.twimg.com/media/FPA5tEkXsAkYJtM?format=jpg&name=small,"Mar 29, 2022",#MarchMadness #FinalFour,https://twitter.com/IconicHeroesHQ/status/1508769324357533700
"Standing and knowing that there is someone somewhere who is thinking of you. Who has a little corner in their heart for you, It's like a soft blanket that wraps you up and protects you from everything.You always have this precious place in my heart",https://pbs.twimg.com/media/FRq7CP_XwAAgkDY?format=jpg&name=medium,"May 1, 2022",#CatsOfTwitter #love,https://twitter.com/NalaNapoleon/status/1520734743431684096
Can we just?,https://pbs.twimg.com/media/FRfazhaXEAAD56A?format=jpg&name=large,"Apr 29, 2022",#love #Italy,https://twitter.com/molnarbence13/status/1519923980299345922
Come grow old with me. The best is yet to be.,https://pbs.twimg.com/media/FRq-rMZVEAEMvrS?format=jpg&name=360x360,"May 1, 2022",#love,https://twitter.com/poojagarg1111/status/1520737478449106945
Brothers who snuggle and love each other the most. Walked in to this cuteness this morning,https://pbs.twimg.com/media/FRrHsijWUAI9w7H?format=jpg&name=large,"May 1, 2022",#dogsoftwitter #love,https://twitter.com/NikeyTeddy/status/1520747398162698240
"So adorable puppies, won my heart",https://pbs.twimg.com/media/FRkxTNeaIAAEkTE?format=jpg&name=900x900,"Apr 30, 2022",#puppies #dogs #dogsoftwitter #dogsarefamily #LOVE,https://twitter.com/PetsLifestyle1/status/1520300583575764997
Do you love me?,https://pbs.twimg.com/media/FRubXsHaUAAZGMs?format=jpg&name=medium,"May 2, 2022",#dog #cute #love,https://twitter.com/Oska41020921/status/1520980141492826113
"Rage crying this morning. Two years of isolating and keeping my toddlers safe, and I get infected with  at a mandatory team offsite, even while wearing a KN95 mask myself. Now my toddlers are exposed. ü§¨ This isn‚Äôt over. 
@US_FDA
 we need to  now!",https://pbs.twimg.com/media/FRmR5IwVkAAHTNU?format=jpg&name=large,"Apr 30, 2022",#COVID19#ImmunizeUnder5s,https://twitter.com/TheGeekDiplomat/status/1520406765157842945
"The Ontario wastewater signal (albeit volatile) suggests a very high continuing plateau of about one million infections every two weeks. There are only 15 million in Ontario and although there is minimal data, perhaps >50% have already been infected.",https://pbs.twimg.com/media/FRtKO17XEAYNOa7?format=jpg&name=900x900,"May 1, 2022",#covid19 #covid19ontario,https://twitter.com/Billius27/status/1520894086173106177
" : pace of  continues in the country's capital Delhi. 1485 cases of corona have been registered in Delhi on Sunday. Apart from this, 1204 patients have also been cured. It is a matter of relief that not a single patient has died of  in 24 hours.",https://pbs.twimg.com/media/FRucq2waAAAPVbW?format=jpg&name=small,"May 2, 2022",#COVID19#coronavirus#corona,https://twitter.com/yadav4priya/status/1520981571079385088
"Bull Alert! 20X Volume Price: 15.49 5-min %: 4.3% Volume: $164,468",https://pbs.twimg.com/media/FRxACAdXwAEDD88?format=png&name=900x900,"May 2, 2022",#crypto #whale #btc #eth #BTCST $BTCST,https://twitter.com/abnormal_crypto/status/1521161179040788485
"Increase in Trades
TFUELUSDT, has 610% increase in the number of trades going through
Previous total trades: 135
Current total trades: 824
Average trades: 105
Market price: 0.1324
Buyers: 70%
Sellers: 30%",https://pbs.twimg.com/media/FRxBuS-XEAMY1eR?format=jpg&name=medium,"May 2, 2022",#TFUEL #TFUELUSDT #crypto,https://twitter.com/HoefnagelsBjorn/status/1521163040795893762
"üéÅGiveaway from http://XT.com

üöÄEVERYONE who registers, completes KYC and deposit WILL recieve:

‚úÖ15XT Tokens Equivalent to $36
‚úÖ100% Secured",https://pbs.twimg.com/media/FRwHdqLXsAAi3yc?format=jpg&name=large,"May 2, 2022",#Exchange #Binance #CoinMarketCap #Coinbase #BTC #ETH #NFT #NFTGiveaway #Giveaway #crypto #cryptotrading #cryptocurrencies,https://twitter.com/MartyBrown_C/status/1521098986316312576
"If we continue to repeat history as in 2013, I can see  at around $160,000 Dollars.

-Double Bottom (as in 2013)
-Channel breakout upwards (as in 2013)
-We are currently in the backtest of the breakout (as in 2013)

PATIENCE!‚è≥",https://pbs.twimg.com/media/FRws6X0X0AM8Ugh?format=jpg&name=medium,"May 2, 2022","#Bitcoin#Crypto
",https://twitter.com/el_crypto_prof/status/1521144668892844033
"The most effective  are built around legit #marketing goals. What do you want your campaign to do? Get app downloads? Clicks to a sales page? An asset catalog? Structuring your influencer campaign the right way will help you reach specific, measurable KPIs.
",https://pbs.twimg.com/media/FRwhp5bXoAEImPF?format=png&name=900x900,"May 2, 2022",#influencermarketing#marketing,https://twitter.com/ShelfInc/status/1521127779701604353
"This year is all set to witness the influencer market reaching $16.4 billion. It‚Äôs not just a fad, it‚Äôs a trend suggesting the growth of another important part of social media marketing.",https://pbs.twimg.com/media/FRpLwWfacAAbnwN?format=jpg&name=medium,"Apr 30, 2022",#influencermarketing #influencers #influencer #blogger #influencerstyle,https://twitter.com/digibeezsymedia/status/1520611386958954496
"Participants needed for top-ranked study on SurveyCircle:

""Effectiveness of influencer vs celebrity Instagram posts"" https://surveycircle.com/WSP79F/ via 
@SurveyCircle
",https://pbs.twimg.com/media/FRssmP7WUAIQq5e?format=jpg&name=900x900,"May 1, 2022",#ConsumerResearch #InfluencerMarketing #instagram #millennials #escp #study #survey #surveyc,https://twitter.com/SurveyCircle/status/1520858453534777344
"Eileen Collins became the first woman to pilot the Space Shuttle with the launch of Space Shuttle Discovery on mission STS-63. Her response in 1999 when she became the first, and at the time only woman, to do so: ""Hopefully not for long!"" ",https://pbs.twimg.com/media/FOpGnLWXIAAlbuE?format=jpg&name=large,"Mar 24, 2022",#WomenHistoryMonth,https://twitter.com/airandspace/status/1507094666809860096
"As Chair of Science Space & Technology's Research and Technology Subcommittee, Congresswoman Haley Stevens drives new investments in U.S. tech research and manufacturing to fix our supply chain.

@HaleyLive
 delivers jobs for #MI11 and fights for gunsense.",https://pbs.twimg.com/media/FPB5yggXEAUwq6b?format=jpg&name=medium,"Mar 29, 2022",#WomenHistoryMonth,https://twitter.com/TeamPelosi/status/1508840154777243648
"Today, the Women in Aviation Advisory Board submitted their final report to @FAA_Steve, including strategies to encourage women to enter the aviation field. Learn more at https://bit.ly/36ALkmO.",https://pbs.twimg.com/media/FOZ48zZXwAYVGz0?format=jpg&name=medium,"Mar 21, 2022",#WomenHistoryMonth,https://twitter.com/FAANews/status/1506024114242392067
"Senator 
@CoryBooker
 believes the American Dream isn‚Äôt real for anyone unless it‚Äôs in reach of everyone. So he works to bring it closer for underserved communities.

He fights for justice in all forms and is known to roll up his sleeves to help his NJ neighbors. ",https://pbs.twimg.com/media/FMuEY-hWQAEhDaL?format=jpg&name=medium,"Feb 28, 2022",#BlackHistoryMonth,https://twitter.com/TeamPelosi/status/1498440377157758984
Black women birthed the nation.,https://pbs.twimg.com/media/FMuAvf7XoAE9OJQ?format=jpg&name=medium,"Feb 28, 2022",#BlackHistoryMonth #GrandMidwives,https://twitter.com/BEBlkCentering/status/1498432856946847749
The theme of Black History Month 2021 was ‚ÄòProud to be...‚Äô So we asked our young people why they were Black and proud and here is one of the responses that we had.,https://pbs.twimg.com/media/FRbblH-WYAA5Ng2?format=jpg&name=medium,"Apr 28, 2022",#BlackHistoryMonth,https://twitter.com/42ndStreetmcr/status/1519643492443635713
"mining uses 58% clean energy. 

Your move 
@ElonMusk
 ü§î
",https://pbs.twimg.com/media/FRsmuGSXIAIaKXO?format=jpg&name=medium,"May 1, 2022",#Bitcoin,https://twitter.com/BTC_Archive/status/1520851877570752514
It‚Äôs time for Bitcoin üí™,https://pbs.twimg.com/media/FRmm3iAWQAAex9j?format=jpg&name=small,"Apr 30, 2022",#Bitcoin,https://twitter.com/BTC_Archive/status/1520429825403408384
"Bitcoin is now still in this small falling wedge. During the previous major correction, a fakeout to the downside led to a big pump 

A possible fakeout to the downside could lead to 35-36k Bitcoin before going back up. Up soon üî•üî•",https://pbs.twimg.com/media/FRrT07PXsAAnoXW?format=png&name=medium,"May 1, 2022",#Bitcoin,https://twitter.com/BTCfuel/status/1520762814809395202
"ü•≥BitMart Ramadan Event is on Fire!
ü§ëRegister & Trade & Invite to share 100 billion LOVELY!

Just Click the link for details of the giveawayÔºöhttps://support.bmx.fund/hc/en-us/articles/5524417903131

Participants: 58752+ 

Sign up on BitMartÔºöhttps://bitmart.com/en?r=33wbgQ",https://pbs.twimg.com/media/FRmZ5kgXIAAgwJ5?format=jpg&name=medium,"Apr 30, 2022",#Crypto #cryptocurrency #CryptoGems,https://twitter.com/AisarCrypto/status/1520415569660592128
Staying ahead of the game for next year will be crucial,https://pbs.twimg.com/media/FRbb6OzVcAA3MZy?format=jpg&name=medium,"May 1, 2022",#cryptocurrency,https://twitter.com/ccp_digital/status/1520834688725696513
"Lovely afternoon with fellow TDECES in celebration of International Women's Day.
@tdece1
 
@rinafsad1",https://pbs.twimg.com/media/FRJSt1tXsAE5UmY?format=jpg&name=large,04/24/2022,"#InternationalWomensDay 
#ETFO",https://twitter.com/RitaccaPaola/status/1518366974828584961
Latepost at Woman Techmaker so inspiring..,https://pbs.twimg.com/media/FRHbBh6VUAAvAB-?format=jpg&name=medium,04/24/2022,#LatePost #InternationalWomensDay #GoogleCrowdsource,https://twitter.com/dychan8/status/1518235372714528769
"Celebrate workers, celebrate the existence and growth of every nation.
Happy workers day, from everyone at Avuna group.",https://pbs.twimg.com/media/FRrGll4XMAAs1ux?format=jpg&name=900x900,05/01/2022,#happyworkersday #internationalwomensday #avunagroup,https://twitter.com/theavunagroup/status/1520746208813322240
guys see Waves coin dump ; buy it at best price and make profit ,https://pbs.twimg.com/media/FRxWUCWaMAAR6on?format=png&name=900x900,05/02/2022,#Waves #cryptocurrencies #Bitcoin,https://twitter.com/Viv1Vilas/status/1521186400976404480
Drop your cool NFT,https://pbs.twimg.com/media/FRxaWt-XwAIk6VG?format=jpg&name=900x900,05/02/2022,#ETH #NFTs #NFTCommunity #ETH #NFTProject #NFTGame #NFTshill #NFTGANG #cryptocurrencies #NFTartists #PolygonNFT #opensea,https://twitter.com/Jovial023/status/1521190129074905088
"RT if you agree that crypto currencies should detach and not be effected by stock exchange changes and the Fed reserve! After all, crypto is decentralised and didn't use to be affected by the rumour mill!",https://pbs.twimg.com/media/FRw3ObrWYAAoCs1?format=jpg&name=900x900,05/02/2022,#cryptotrading  #cryptocurrencies,https://twitter.com/CryptopiaRising/status/1521151507017736193
"In Java, two entirely different URLs may be considered equal. Sometimes. Why? DNS. It's always DNS. Well, Java works this way: ""Two hosts are considered equivalent if both host names can be resolved into the same IP addresses"". Let's dig (no pun intended!) a little bit deeper üßµ",https://pbs.twimg.com/media/FRawRS7X0AEOuL2?format=jpg&name=900x900,04/28/2022,#Java,https://twitter.com/tnurkiewicz/status/1519643900423688192
"Full room for ‚ÄúFrom 
@Java
 11 to Java 17 and Beyond‚Äù workshop by 
@JosePaumard
 at 
@Jfokus",https://pbs.twimg.com/media/FRv_n1uXwAA1-CT?format=jpg&name=900x900,05/02/2022,#Java,https://twitter.com/Sharat_Chander/status/1521090367499776001
"‚úîÔ∏è An amazing lineup of speakers 
‚úîÔ∏è Content from around the world 
‚úîÔ∏è Live, free, and open to all 

Join us at the second Microsoft JDConf, our Java-focused virtual conference, on May 4-5: https://msft.it/6013w7ELT",https://pbs.twimg.com/media/FRM5oBGXIAAPBx0?format=jpg&name=900x900,04/25/2022,#Java #Developer,https://twitter.com/msdev/status/1518620867344965633
"Betdog racing birth story.
#1 2050, Changes in the Earth
#2 Cyberdog Race, a New Play Culture
#3 New Sports Culture, Race of Specialized Dogs
#4 A specialized robot dog ",https://pbs.twimg.com/media/FRvhQeraAAILqd6?format=jpg&name=900x900,05/02/2022,#nft #nftart #nftexchange #metaverse #p2e #blockchain #coin  #immopetgame #kesami,https://twitter.com/Immopet_/status/1521056976129896449
Infographic: Ways AI can be achieved. ,https://pbs.twimg.com/media/FRq7FEDXwAAjGKO?format=jpg&name=900x900,05/01/2022,"#ArtificialIntelligence 
#Blockchain #AI #DataSecurity #ML #dataScientist #5G #DataAnalytics #NLP #Python #IoT #RStats #Reactjs #IIoT #MachineLearning #java  #TensorFlow #BigData #Cloud #coding #Robotics #100DaysOfCode",https://twitter.com/CatherineAdenle/status/1520733523929407489
"I came to get my baptism at nft's.
I'm here to stay.

Life x Death",https://pbs.twimg.com/media/FRxmgiTWQAY8T9G?format=jpg&name=900x900,05/02/2022,#nft #NFTs #NFTCommunity #blockchain #nftart #NFTartcollector #NftArtCollection #nftphotography,https://twitter.com/turkeythebird01/status/1521204616226127877
Gym life ,https://pbs.twimg.com/media/FRw9z1TXIAUa7CX?format=jpg&name=900x900,05/02/2022,#pressforprogress,https://twitter.com/CrystalPoderosa/status/1521158754380754946
True.,https://pbs.twimg.com/media/EKkFa09WoAAl3DQ?format=jpg&name=900x900,11/29/2019,#ethereum #crypto #crowdfunding #medicaid #blackhistorymonth #womenshistorymonth #photography #iwd2019 #cryptocurrency #happyeaster #womensday #pressforprogress #happybirthday #internationalwomensday,https://twitter.com/Om37076142/status/1200496740962643969
Here's to strong women. May we know them. May we be them. May we raise them. ,https://pbs.twimg.com/media/ESkjjhBWAAEjRLn?format=jpg&name=medium,08/03/2020,#HappyWomensDay2020 #WomensDay2020 #InternationalWomensDay #pressforprogress,https://twitter.com/BluePapagao/status/1236558673025130496
"This Teachers Appreciation Week, tell us one mantra you've learned from your favorite digital guru, don't forget to tag the influencer.",https://pbs.twimg.com/media/FRu0ZyvVsAAZ5q0?format=jpg&name=small,05/02/2022,#TeachersAppreciationWeek#Influencer #teacher #Appreciation #ScrollMantra #shehnazians #ShehnaazGill #TeacherAppreciationWeek2022,https://twitter.com/scrollmantra/status/1521007661382201344
Start your week off right üíõ‚úùÔ∏è A chai in a mug that makes you happy and the word of God,https://pbs.twimg.com/media/FRw9S5YVUAIAayW?format=jpg&name=900x900,05/02/2022,#monday #christian #influencer #chai #faith,https://twitter.com/FAVRApparel/status/1521158171397541888
"I put happiness on tomorrow, because the goal is to work together to grow old together.",https://pbs.twimg.com/media/FRwN68FaIAAwFEp?format=jpg&name=900x900,05/02/2022,#influencer #art #madmay#love,https://twitter.com/Diana78283404/status/1521106566279495681
"Soohorang the Performer
üêØüé™ü§π",https://pbs.twimg.com/media/FRrS8bDXwAAIilR?format=jpg&name=900x900,05/01/2022,#Olympics #Soohorang #Pyeongchang2018 #ArtistOnTwitter,https://twitter.com/EternalMoonSan/status/1520759761918214144
"Neeraj Chopra will get a stadium named after him in his native village Panipat, Haryana.",https://pbs.twimg.com/media/FRwj2kEagAIdeqB?format=jpg&name=900x900,05/02/2022,#NeerajChopra #Olympics #GoldMedal #Javelin #Sports #BetHive,https://twitter.com/The_BetHive/status/1521130227493408769
"A stone sculpture created to celebrate the London 2012 Olympic Games of which Weymouth & Portland National sailing academy was the host of the sailing events! ‚õµÔ∏è

2.5 metres tall, 3.8 metres long & weighs 9 tonnes!",https://pbs.twimg.com/media/FRmL6GhXMAE5IYG?format=jpg&name=medium,04/30/2022,#Weymouth #Portland #Olympics,https://twitter.com/SnowAndBeach/status/1520400186685730816
Rally in the Valley üî•üî•üî•,https://pbs.twimg.com/media/FRxYaRBVkAAIvk9?format=jpg&name=medium,05/02/2022,#smsports #nba,https://twitter.com/cst_visuals/status/1521187995272974336
"Which games is exciting you the most?!üî•üî•
Tell us in comments.üîΩ",https://pbs.twimg.com/media/FRxGu6XXwAIeVAA?format=jpg&name=900x900,05/02/2022,#NBAPlayoffs #NBA #basketball,https://twitter.com/Icon_Circus/status/1521168759410601985
Great workout this morningüêçüîê,https://pbs.twimg.com/media/FRscUrhUYAAUVQy?format=jpg&name=medium,05/01/2022,#NBA #LethalShooter,https://twitter.com/LethalShooter__/status/1520840444703170560
data science is such a vast and exciting field,https://pbs.twimg.com/media/FRcqQNmVcAYUYd4?format=jpg&name=medium,04/28/2022,#datascience,https://twitter.com/thedataprof/status/1519730831165517825
What stresses me out isn‚Äôt the same thing that stressed my parents out. True story.,https://pbs.twimg.com/media/FRcSEhLX0AE4ZA_?format=jpg&name=small,04/28/2022,#rstats #datascience,https://twitter.com/mdancho84/status/1519703932615933957
"XD 
What an explanation of a confusion matrix.üòÇüòÇ",https://pbs.twimg.com/media/FRlmlVyWQAIc6CO?format=jpg&name=900x900,04/30/2022,#MachineLearning #DataScience,https://twitter.com/husnainhaider_/status/1520359144083103745
Never lose money ,https://pbs.twimg.com/media/FRgs4WwVgAI8AOr?format=jpg&name=900x900,04/29/2022,#jncfintech #fintech #jncx #money #advice,https://twitter.com/jncfintech/status/1520228947383885826
Great Infographic - About the Venture funding in Asia startup ecosystem by country in 2021 ,https://pbs.twimg.com/media/FRmH8imXwAEmoIr?format=jpg&name=900x900,04/30/2022,#Infographic #VentureCapital #startup #fintech #Insurtech,https://twitter.com/insurtechforum/status/1520395831660138496
"I've always been passionate about empowering girls in the field of technology, so I'm really excited to share my experience tomorrow during the International Girls in ICT Day",https://pbs.twimg.com/media/FRXoZpRXsAUOJ-J?format=jpg&name=900x900,04/27/2022,#GirlsInICT #Fintech #InclusioninICT,https://twitter.com/BenteKrogmann/status/1519376599493320704
Have Been Pulling a 'Second Shift' for Decades https://wired.com/story/second-shift-women-tech/‚Ä¶,https://pbs.twimg.com/media/FRwxTs8XwAEKA3j?format=jpg&name=medium,05/02/2022,#leadership#WomenInTech,https://twitter.com/TamaraMcCleary/status/1521144990839328770
"This is a day to celebrate everyone out there that puts in their best to ensure productivity and progress in their various organisations. 

You are the real MVP.

Happy International Labor Day to you!",https://pbs.twimg.com/media/FRq6mGvWQAAVr0k?format=jpg&name=medium,05/01/2022,#InternationalWorkersDay #Hertechtrail #InternationalLabourDay #womenintech,https://twitter.com/hertechtrail/status/1520734703535415296
"Tasneem Van Wyk, Executive for Converged Connectivity and Infrastructure Solutions at Sizwe Africa IT Group unpacks how we help customers enhance and maintain their company‚Äôs overall security posture, across network, endpoint & cloud. Read: https://itweb.co.za/content/KPNG878NJdJq4mwD‚Ä¶",https://pbs.twimg.com/media/FRL7dYcXoAAtE4g?format=jpg&name=medium,04/25/2022,#womenintech,https://twitter.com/sizweitgroup/status/1518559516207591424
"We would have been hard-pressed find a more relevant play for NL. There are only 300 seats for this short run of Theo Toksvig-Stewart's play that - "".. smashes all stereotypes about rape and sexual violence"" - Broadway Baby",https://pbs.twimg.com/media/FMnwFpMXIAMt3pS?format=jpg&name=small,02/27/2022,#relevant #metoo #unmissable #shortrun,https://twitter.com/QETCtheatre/status/1497992332129542148
"Post, the ultimate lifehack came through for penis-owners.",https://pbs.twimg.com/media/FMo8ketaMAEEiND?format=jpg&name=medium,02/27/2022,#metoo,https://twitter.com/LabelFreeBrands/status/1498076428570873856
"Where are the boundaries, the actual boundaries? When do we determine, enough is enough? https://karlyletomms.com/single-post/2018/01/07/MeToo‚Ä¶",https://pbs.twimg.com/media/FMo2gtgXEAQHTAi?format=jpg&name=medium,02/27/2022,#metoo #timesup,https://twitter.com/Karlyle_Tomms/status/1498069763716751360
Leonardo enters the metaverse - DALLE2,https://pbs.twimg.com/media/FRlL3MNWUAASKU4?format=jpg&name=900x900,04/30/2022,#dalle #AI #AIart #digitalart #generativeart #DeepLearning #MachineLearning #ArtistOnTwitter #transformers #vision,https://twitter.com/nin_artificial/status/1520329808772837376
‚ÄúRich is a Python library for rich text and beautiful formatting in the terminal.‚Äù https://bit.ly/3grvBbm,https://pbs.twimg.com/media/FRHqxmzX0AAqvnC?format=jpg&name=medium,04/24/2022,#AI #DataScience #MachineLearning #DeepLearning,https://twitter.com/MikeTamir/status/1518252690605842437
Programming Languages And Their Uses,https://pbs.twimg.com/media/FRnlm-8XEAAKjHC?format=jpg&name=small,04/30/2022,#Python #DataScience #MachineLearning #WebApps #Automation #gamedevelopment #java #Androidapps #serversideapps #C++ #games #gui #OS #Database #Javascript #Flyingrobot #IOT #Deeplearning #IOSapps #Apps #ml #js #webapps #web #enterprise #Ai,https://twitter.com/AbdulWahidChoh4/status/1520500817551405058
"When the chemistry meets a tree, it is the chemistree üòÅ",https://pbs.twimg.com/media/FRcQYFJXwAMKiz3?format=jpg&name=900x900,04/28/2022,#memes #science,https://twitter.com/DNA_RNA_Uni/status/1519701411302461442
Finally managed to get round to stacking extra data of the Iris Reflection Nebula. Love how much dust was captured!,https://pbs.twimg.com/media/FRv2LRkXsAAnMDg?format=jpg&name=900x900,05/02/2022,#Astrophotography #space #science #photography,https://twitter.com/JAY21564/status/1521079978800074754
"Plagioclase in this glomerocryst from an andesite at Cabo de Gata (SE Spain).
The concentric arrangement of melt inclusions is impressive.",https://pbs.twimg.com/media/FRMJ0C3XIAMR6p7?format=jpg&name=medium,04/25/2022,#MineralMonday #minerals #crystals #rocks #nature #science #art #geology #volcano #microscopy #photography #sciart #wallart #lava #nature,https://twitter.com/micROCKScopica/status/1518568645596700673