Text,Date,Hashtags
Who wants a free NFT? ,03/31/2022,#NFTGivaway #NFT #Competition
"ğŸŒ¸Spring giveaway!ğŸŒ¸We're giving away one Spring book bundle.âœ¨ğŸ“š
Simply follow us and RT to enter. Giveaway ends at 11.59 GMT on 2nd April and is UK only. ",03/31/2022,"#Giveaway #Spring #FolkloreThursday #competition
"
"Series 2 of Bridgerton is back today! ğŸ˜ To celebrate we are giving you the chance to win a Bridgerton themed Cake Card ğŸ’Œ For a chance to win simply Follow us, RT and comment 'I Burn For You'. The winner will be announced Friday 1st April! UK Entrants Only ğŸ‡¬ğŸ‡§",03/25/2022,#Competition #FF
"*WIN* For your chance to win new active shoes to activate your soles from https://bit.ly/3H00778 simply RT & follow. 

Closes 30th March 2022, one winner will be chosen. Open worldwide. All DM's will be sent from this account only.",03/23/2022,#win #competition
"Throwing it back to Prey, 2007",03/31/2022,#tbt
Since itâ€™s Thursday,03/31/2022,#tbt
"August 2011 -- Before being honored at a rally at 
@thesquarepdx
, Arvydas Sabonis stopped to help at a basketball clinic at Eichler Park in Beaverton following his 2011 induction into the @Hoophall",09/16/2021,#tbt
From drafting Giannis at 18 to winning an NBA Championship at 26. Time really moves fast.,07/27/2021,#TBT
Where'd you go this summer? ğŸŒğŸš¤,08/04/2015,#TravelTuesday
"On the Morbius tour, visit one of 
@JaredLeto
â€™s favorite cities in the worldâ€¦ Paris!",03/29/2022,#TravelTuesday
Happy Tuesday from sunny Grand Anse Beach.,03/29/2022,#lifeofspice #grenada #traveltuesday
Learning and sharing in our travels is key. ,03/29/2022,#TravelTuesday #Tuesday
All animals deserve our love!,03/29/2022,#vegan
It's Vegan Taco Time! This time with vegan chorizo.,12/09/2021,#Uptonnaturals #veganfood #vegan
"another day of dispelling myths about veganism, one person at a time. choose compassion, be vegan",03/31/2022,#vegan
vegans are vegans because we saw thru the lies & realised that all life is precious..peace ğŸ™,03/31/2022,#vegan #veganism #veganfood #rights
"14 years ago, 
@stephencurry30
 & 
@DavidsonMBB
 shocked the world (and 
@KingJames
) to beat Wisconsin and advance to the Elite8! ğŸ”¥",03/28/2022,#Elite8 #MarchMadness
The official NCAA March Madness destination for all things Division I NCAA Men's Basketball.,,#MarchMadness
"No 15 seed has ever made the Elite 8â€¦â€¦..Until nowğŸ”¥

The St. Peterâ€™s Peacocks take down #3 Purdue on Peacock Day ğŸ¦š ğŸ€",03/25/2022,#MarchMadness
"Weâ€™ve got a 
@umichbball
 x 
@NovaMBB
 rivalry on our hands. Hear what the guys had to say about it ğŸ‘‡",02/24/2022,#MarchMadness
Grateful to be back doing what i love the most...letâ€™s all keep inspiring the younger generations and make this world a better place for everyone. ğŸ™ğŸ½ğŸ”®,07/30/2020,#equality #love
"Toronto: join me on this special night celebrating the 
@IbakaFoundation
. Will be fun and you will support a great cause! More info:

http://sergeibakafoundationgala2019.com",03/07/2019,#toronto #canada #ontario #torontoraptors #wethenorth #love #charity #news #fundraiser #torontolife #AnythingIsPossible
Owl mother with her babies!,03/26/2022,#love #family #NaturePhotography
"""Mom, I love you."" â¤ï¸",03/29/2022,#love
"VAIDS - Are we yet to witness
the true extent of EVIL that
resides within the
COVID SHOTS ğŸ’‰ ???  ",03/31/2022,#VAIDS #AdverseReactions #PfizerGate #BillGates   #BoosterDose #CovidRegime #variants #nocovidpassport #BidenIsADisgrace #fauci  #COVID19 #VaccineSideEffects
"â€œScienceâ€ doesnâ€™t need multi million dollar advertising for or against a product. Given how intensely theyâ€™ve been saying it does at work, itâ€™s clear it does.",03/31/2022,#covid #covid19 #covid_19 #ukraine #russia #misinformation
"ğŸš¨ğŸš¨ New ONS data shows no statistical evidence that having one vaccine more than 180 days ago, a second Pfizer vaccine 91 to 180 days ago, or a third vaccine more than 90 days ago affected a person's likelihood of testing positive for COVID19",03/30/2022,#COVID19
"The pandemic handed the world to the bad people. 

The selfish, the greedy, the least concerned, the ones that would literally let someone die before inconveniencing themselves.",03/28/2022,#COVID19 #CovidIsNotOver
"JUST IN: Robinhood Chief Operating Officer for Crypto, Christine Brown, has left the firm to start her own crypto venture.",03/31/2022,#crypto
Are you planning on becoming a millionaire this year from crypto?,03/26/2022,#crypto
"Be the first to know about our EXCLUSIVE nft collection! ğŸ“›
It's gonna be SUPER mind-blowing as, thereâ€™s a SUPER artist behind it!ğŸ“Œ
ğŸ“We are hitting the market with a SUPER merger!
More details soon. 
Stay TUNED for updates",03/31/2022,#NFTart #crypto #NFTcommunity #giveaway #whitelist
"On April 1, 2022 India will begin taxing all Bitcoin and crypto income at 30%.",03/30/2022,#Bitcoin #crypto
"To close out BlackHistoryMonth, we continue to celebrate & educate our fans on the rich legacy of HBCUâ€™s & the importance of Black Sororities & Fraternities, brought to you through the words of Portland area fans.
",02/28/2022,#BlackHistoryMonth
HBCUs are institutions established prior to 1964 with the principal mission of educating Black Americans.,02/28/2022,#BlackHistoryMonth
"""No matter where you come from or what walk of life you live, I think it's important that everybody is treated equally. We are more the same than what people actually think or see.""

@GeorgesNiang20
 speaks on the importance of equality in honor of BlackHistoryMonth",02/23/2022,#BlackHistoryMonth
"â€œMy job isnâ€™t to make people see that Black is beautiful, but to rather help them see that beauty thatâ€™s already there.â€

In honor of BlackHistoryMonth , todayâ€™s Black ğŸ¨ Spotlight is local artist 
@temi_coker
. Learn more â¬‡ï¸
",02/22/2022,#BlackHistoryMonth
".
@shaunwhite
 honoring the late Virgil Abloh with a custom Louis Vuitton snowboard at the Olympics ğŸ™
",02/06/2022,#Olympics
"In celebration of this yearâ€™s TitleIX50 anniversary, weâ€™re shining a light on these women who made herstory at the WinterGames ğŸ™Œ ",03/31/2022,#TitleIX50 #herstory #WinterGames #womenshistorymonth #titleix #olympics #paralympics #LA28
"BEIJING, CHINA - FEBRUARY 15: YelimKIM ğŸ‡°ğŸ‡· competes in the Figure Skating Womenâ€™s Short Program on Day 11 of the Beijing 2022 Winter Olympic Games at Capital Indoor Stadium. (Photo - Danielle Earl/Danielle Earl Event Media)",03/31/2022,#YelimKIM #Beijing2022 #Olympics #FigureSkating
"Czech Republic bounces Team USA from menâ€™s hockey tournament in a shootout, eliminating them from the Olympics",02/21/2018,#Olympics
"Existing liquidity aggregators cannot solve these problems:

High latency, which leads to
* Thin volume across trading pairs
* Wide spreads
* Poor price discovery

We are building FLUID to solve exactly these issues.",03/28/2022,#FLUID #DeFi #Crypto #FinTech
"Steph Curry Sells 3,000 Pairs of NFT Sneakers for $333 Each. (TIME) ",03/31/2022,#NFTs #FinTech 
"It's time. 

DeFi will never be the same again.

After more than 1.5 years in the making, thousands of hours of building, and the contribution of dozens of the brightest minds in blockchain...

Spool is ready to launch.

March 30. 12pm UTC.",03/29/2022,#DeFi #fintech #YieldFarm #fintechnews
"Release fest on my birthday: v14.9.0 of the award-winning 
@Nordnet
 app rollinâ€™ out with the first of many â€œwidgetsâ€ showing your portfolioâ€™s top movers for the day. 

Phased roll-out as usual but iOS users can force an update in AppStore.
",03/30/2022,#alwaysbeshipping #app #firefly #fintech
Kool Moe Dee was never seen without his trademark shadesğŸ•¶ï¸. Name another rapper who always wore a particular item besides him and Slick Rick,03/31/2022,#hiphop
"Nipsey Hussle's legacy still lives on 3 years later, for his community initiatives, to inspire young black men by, denouncing gang culture & gun violence through his music, influence & community work.",03/31/2022,#NipseyHussle #OffThePress #KeepItKiss #Nipsey #Hiphop #Rap #Throwback #Legend #Icon
"It's been a long time since I released NEW ALBUM. Finally - it's ready. I hope you still enjoy our Hip Hop RoyaltyFree  beats. Feel free to use them in your vlogs , videos and streams -  Copyright Free. https://open.spotify.com/playlist/5GQJyY1QrcjDkw5zUvI7tE?si=b4121b5f015c4122",03/31/2022,#spotify #music #HipHop #copyrightfree
"OG MUSIC NFTS are becoming more real than i thought lol ğŸ”¥ğŸ”¥ğŸ‘€

https://opensea.io/collection/gwapstars",03/31/2022,#NFTs #MusicNFT #nftmusic #instrumentals #OpenSeaNFT #opensea #hiphop #rapartist #lofi #OGmusicnft #gwapstars #percygwap
Joan Collins says 'young men are suffering' from a rise of 'anti-maleness' in the wake of MeToo,03/31/2022,#MeToo
"Salman Khanâ€™s ex-gf shared a post about â€˜The Harvey Weinstein of Bollywoodâ€™â€”along with a still from Maine Pyar Kiya on Instagram & later deleted it. 

Hope the girls share the truth. 

If it ever comes out, it can be worldâ€™s biggest MeToo movement. Even for the LGBT community.",03/30/2022,#MeToo
The MeToo era has done a dangerous thing by blurring the lines between acceptable and unacceptable behaviours. Everybody knew that unwanted groping was wrong. But now so are unwanted jokes and compliments. This makes women less safe,03/29/2022,#MeToo
"Ok â€¦ sexually harassing male actors on the Oscar stage is just not funny. Full stop. The MeToo movement wasnâ€™t launched so women could imitate the same sleazy crap of the patriarchy. ğŸ˜ ğŸ˜¡ğŸ¤¬ Ugh! ğŸ¤®
",03/31/2022,#Oscars #MeToo
"26 years ago this month, a group of musicians entered EGREM's Areito studios in Havana to begin recording 'Buena Vista Social Club'. Little did they know that what they would produce would become loved by millions of people around the world.   
ğŸ“¸ - Susan Titelman",03/31/2022,#BVSC #music
Someone asked me earlier today what my favorite song of all time is! And I really don't know - going to have to think about that for a while. What is your favorite song?,03/30/2022,#photo #photograghy #naturelover #NatureBeauty #music
"Was kinda sad to see that MusicğŸ¶ channel in @projectPXN was being used mainly for bot commands and all that. This is just a small attempts of me trying to build something for the musician rats around the server. 
LFG 
@dexd0x @rodney_eth @Pants_shh @Nanophant11 @Arkaiju",03/31/2022,#Music
"Jim Croce has been honored by the Pennsylvania Historical & Museum Commission with a historical marker. The plaque, installed on Mar. 30, 2022, formally marks the barn in Lyndell, PA, where he wrote his songs.",03/31/2022,#Music
"Mr. Jaishankar said it was â€œnatural for countries to go out in the market and look for good dealsâ€ when oil prices go up, as they had in the past month since Russiaâ€™s war in Ukraine and the U.S.,U.K. and EU sanctions were placed on Russia.",03/31/2022,#Ukraine #Russia
This is the Belarusian battalion named after Kastus Kalinouski in Ukraine. Belarusian heroes who are helping Ukrainians defend themselves. I have friends there and I know that these people are ready to risk their lives to protect both Ukraine and Belarus,03/31/2022,#Ukraine #Belarus
"The head of Chechnya republic Kadyrov desperately wants people to think he is fighting in Ukraine. First, he lied about being near Kyiv when he was seen in Chechnya. Now he says is in Mariupol and posts this picture, not realizing, but there are no Rosneft stations in Ukraine.",03/29/2022,#Ukraine #Kyiv
This is not the time to get used to the horrors of war.,03/31/2022,#FreeUkraine #WeAreAllUkrainians #StandWithUkraine #StopTheWar #Ukraine #United #Kyiv #StandTogether #StopWar
I still stick with doing behind the neck. If you control the weight and motion youâ€™ll be fine it helps in the long run,03/31/2022,#bodybuilder #bodybuilding #fitness #gym #weightlifting
"Lovely morning for it, loosened the old legs after squatting and deadlifting yesterday. ",03/31/2022,#thursdaymorning #thursdaymotivation #runner #fitness
When you train to carry the weight of the static ğŸŒ for real though 160kg never felt so light.,03/31/2022,#fitness
"Started the week with hills hills hills. ğŸ˜…ğŸ˜… Lotsa hills for almost 8KM on a nice morning. Nice to hear all the birds, sounds like spring is close! Made myself a nice latte too, needed it! ",03/31/2022,#runchat #selfcare #fitness
JW Therapeutics Announces IND Approval for the Pivotal Clinical Trial of CarteyvaÂ® in Second-line Large B-Cell Lymphoma,03/31/2022,#PharmTech #PharmaceuticalNews #Analysis #Data #Investment #DrugDiscovery #COVID19 #Regulation #Mergers #WhosWho #Pharma #healthtech #me
"Researchers Discover New Model for ""Global"" DNA Repair ",03/30/2022,#PharmTech #PharmaceuticalNews #Analysis #Data #Investment #DrugDiscovery #COVID19 #Regulation #Mergers #WhosWho #Pharma #healthtech #medtech
 pave the path to equitable health care. Read about our latest job opening here: Pharmacy Technician https://cvs.jobs/3JUZUVe ,03/31/2022,#pharmacy #pharmtech
"One of my friends showed art of  @pawstanoodle and after scrolling I fell in love with his style. So for today's drawing session I tried to emulate his style using art from twitter. Keep on drawing Pawsta, your stuff truly rocks!",03/31/2022,#furry #furryfandom #furryart #furryartist #art 
Next up for famous tiktokers on my chart is @DrewAfualo. This was one of the more challenging ones to draw because of this shirt and her hair ğŸ˜… check her out at https://vm.tiktok.com/ZTdmvnBHt/,03/31/2022,#emotionschart #emotionsdrawchallenge #art #drawing #supportsmallartist #drawchallenge #tiktok
By Zag & Sia Street-art Graffiti ğŸ¨ in France.,03/31/2022,#StreetArt #urbanart #spraypaintingart #StreetArtist #contemporayart #art #love#Zag #Sia
Quick drawing of one of my newest characters ^^,03/31/2022,#art #dibujo #drawing #sketch #adopt #commissionopen #commission
"influencermarketing Luxury Square Rimless Sunglasses, Brand Designer Sunglasses, Big Diamond Sun Glasses, Pink Shades for Women Fashion Eyeglasses https://bit.ly/30DViRB",03/31/2022,#influencermarketing
"To celebrate the upcoming launch of the GIDAO plartform, GI DAO is giving away a total of $5000 worth of GI DAO tokens to 500 lucky winners. ",03/31/2022,#GIDAO #SocialFi #Metaverse #NFT #NFTs #Influencer #Influencermarketing
"Nancy Jewel Momoland age, Net worth and Everything You Want to Know Abou Her ",03/31/2022,#Biography #competition #influencer #influencermarketing #fr
the largest SocialFi Metaverse and DAO that are fully democratically managed by our community members.,03/30/2022,#GIDAO #SocialFi #Metaverse #NFT #NFTs #Influencer #Influencermarketing
Dr. Merlyn Meneze Rodrigues has devoted her career to health and public service on both the state and federal levels. Read more about her contributions. https://go.usa.gov/xzeW8. @NLM_NIH,03/31/2022,#WomensHistoryMonth #WomenInMedicine
"WomensHistoryMonth Black women have, for centuries, transformed entire organizations and courageously led movements of change. Professor, activist, community organizer, and  rebel for womenâ€™s rights Denise Oliver Velez is one of many. Who is Denise Oliver Velez? ",03/31/2022,#WomensHistoryMonth#GladYouAsked
"Daughter of Congresswoman Ilhan Omar,  @israhirsi is an environmental activist. Co-founder of the U.S. Youth Climate Strike., she coordinated hundreds of student-led strikes across the country.  ",03/31/2022,#WomensHistoryMonth #HERstory
"To all women, to what youâ€™ve accomplished and whatâ€™s to come, we celebrate you.",03/31/2022,#WomensHistoryMonth
"""My job is to push myself, push my team, and push the organization to be better for the children that we serve."" - @ChildrensPhila President and CEO Madeline Bell #WomensHistoryMonth | #FlyEaglesFly",03/31/2022,#WomensHistoryMonth #FlyEaglesFly
"The first female combat veteran elected to serve in the Senate is my good friend & colleague  @SenJoniErnst
! Today, we honor her and her accomplishments! ",03/31/2022,#WomensHistoryMonth 
Dubai has approved its first law to regulate crypto assets. ,03/10/2022,#cryptocurrency #bitcoin $BTC#crypto
"Bitcoin Fidelity prediction of $100k by 2023. Bloomberg forecasts $BTC price of $400k and megabank JP Morgan â”€ cryptocurrency for its clients, marks Bitcoin at $146k over long term. What is yours? Ethereum? Derivatives Market Bolstered Coinbase!",03/31/2022,#Coinbase Bitcoin #cryptocurrency #Ethereum
"The global cryptocurrency market capitalization today is $2.1 Trillion, a 1.6% change in the last 24 hours.",03/31/2022,#cryptocurrency
"The deputy governor of the Bank of Spain, Margarita Delgado, has warned about the use of Bitcoin and cryptocurrency, citing volatility",03/31/2022,#Bitcoin#cryptocurrency
If you hold CheemsInu right now until the end of the year odds are you will be a millionaire ğŸ˜ğŸš€,03/31/2022,#1000x #BSCGem #BNB #cryptocurrency #P2E #CheemsInu
If you did not know  @hypebearsclub .. April will let you knowğŸ‘€ğŸš€ Thanks to all long-term holdersğŸ’ªğŸ¼ It will pay offğŸ”¥ ,03/31/2022,#NFT #NFTs #NFTCommunity #BTC  #Hypebears #Ethereum #ETH #Crypto #cryptocurrency #Bitcoin
"Early footage of Satoshi Nakamoto acquiring his knowledge of economics, cryptography, computer science, history, ... ",03/31/2022,#Bitcoin
"So, when Apple announces that it has integrated Bitcoin into ApplePay, are you still going to insist it is going to zero?",03/30/2022,#Bitcoin
How it feels to watch your bitcoin portfolio grow 10000%+ over the past 6 years.. This is a proud parenting moment.,03/31/2022,#bitcoin
"MacroStrategy, a subsidiary of  @MicroStrategy , has closed a $205 million bitcoin-collateralized loan with Silvergate Bank to purchase bitcoin.  $MSTR $SI - Mar 29, 2022
ğŸ’¥ Fourth-largest city in Arizona now accepting Bitcoin for utility bills ğŸ‡ºğŸ‡¸ ",03/29/2022,#Bitcoin
Excited to start Blockchain Secrets Investor Group and Marketing Solutions. Give us a follow on Twitter: @BlockSecrets21 ,03/31/2022,#blockchainsecrets #Bitcoin #Etheruem
"Imagine selling your bitcoin because the European Union wants to know everything about your wallet address. Lets be honest, you were never going to make it.",03/31/2022,#bitcoin
On Trans Day of Visibility I would like to thank all the stunning and brave adulthumanfemales fighting for sex based rights. Thatâ€™s how this works right? ,03/31/2022,#InternationalWomensDay #adulthumanfemales
"It's the final day of our InternationalWomensDay celebrations! We've been so inspired by the incredible women of MSB who have shared what it means to them to BreakTheBias. The month may be over, but we'll continue doing all we can to fight for equality. ",03/31/2022,#InternationalWomensDay #BreakTheBias #IWD2022
We're celebrating InternationalWomensDay all month long and are rounding out the month by featuring two more of our phenomenal women in leadership. Hear what they had to offer as advice to their younger selves.,03/25/2022,#InternationalWomensDay
"And just like that, FINISHED! The last day of March and Womens history month. I chose Shina Nova and her mother throat singing as my muse to bring awareness and show the beauty of the indigenous culture. I hope I did them justice.",03/31/2022,#InternationalWomensDay #womenempowerment #art
"Today we will be celebrating Women's outstanding achievements and more importantly unite as a force to advance gender equality in Umma, Kenya and the world.",03/30/2022,#InternationalWomensDay #IWD2022
"If you can learn to seek failure and adopt a growth mindset, nothing can stop you from succeeding in business. âœ… 10/10 advice from 
@hellomamamade ğŸ’ª ",03/31/2022,#internationalwomensday #womeninbusiness #growthmindset #beyourownboss
"Bitgert Has Faster Blockchain than Solana - Says Crypto Community
https://bit.ly/3DqAvjD
",03/31/2022,#Bitgert #Blockchain #Cryptocurrencies #Solana #Crypto #CryptoCommunity #Cryptocurrency #AI #AINews #AnalyticsInsight #AnalyticsInsightMagazine
"Tweeted yesterday how good an entry 
@meta_ruffy
 was at 1300s. 

35% up and climbing since then.

Pumping ğŸ”¥ğŸ‘€ğŸ’

",03/31/2022,#metaruffy #metaruffyworld #bnbâ€¯â€¯â€¯ #bscgem #cryptocurrencies
"A few weeks after a first draft concerning the future of #cryptocurrencies in the United States, the Biden administration has just published its economic plan for the year 2023.

A plan to reduce the US deficit by $10.9 billion between 2023 and 2032.

",03/31/2022,#NFTCommunity #Biden #USA
This right here is what itâ€™s all about! People are starting to see the utility in action. Canâ€™t always compare applesğŸ to applesğŸ when one of them is just bananas ğŸŒ! ,03/30/2022,#gasprices #gasrebate #FEGex #cryptocurrencies
"My biggest giveaway for you guys! 

Iâ€™ll send 10 people a nft or $ape who retweet , like and follow me. good luck! ğŸ³

",03/29/2022,"#NFTGiveaways #NFT #shilling #new100xgems #Next100XGEMS #1000xgem  #BSCGem #BSC #cryptocurrencies
#NFTs #NFTdrop #NFTshill #100xgem"
"I am a crypto addictğŸ˜
Are you too?ğŸ˜…
",03/27/2022,#cryptocurrencies #BTC #ETH #100xgem
Canâ€™t Make up my kind if I should work on code or start editing a video?!?!?!? I do know I am gonna finish that beer tho!!!,03/26/2022,#coding #Java #AWS #youtub
Java Community Member Class Hierarchy:,03/31/2022,#programming #Java #webdevelopment
"If you are learning Java Concurrency at the moment, I have a 22 video playlist on the topic - here:

https://youtube.com/playlist?list=PLL8woMHwr36EDxjUoCzboZjedsnhLP1j4
",03/31/2022,#Java
When someone says Javascript and Java are Same programming language.,03/31/2022,#java #javascript
Modern problems require modern solutions,03/31/2022,#100Daysofcode #javascript #programming #dev #linux #java #programming #CodeNewbie #python #reactjs #bugbounty #DataScience #infosec #gamedev #BigData
"Hey 
@java
 folks, out of curiosity: do you know any lib that requires Java newer than 8? 
",03/29/2022,#java
"Hey guys!! ğŸ‘‹

what is the best crypto to invest right now?? Shill me ğŸš€",03/30/2022,#ETHEREUM #cryptocurrecy #bnb #crypto #bitcoin #blockchain
"ğŸš€ Polygon ecosystem stands out and remain the best blockchain, fast, easy and secured that is why Doaibu is a swap and launchpad platform on Polygon with a DEX platform and staking platform.

@doaibu_app
 ",03/31/2022,#crypto #defi #blockchain #Polygon #Doaibu
"$MERKLE the token of 
@merkleNetwork
 is used to reward Merkle Node operators for transferring the data from the source blockchain to the destination blockchain while maintaining the integrity & readability of the data and uptime guarantee of the node operators.",03/31/2022,#blockchain #node
"We may be the last generation that has an incredible tool like the Internet, while also having the focused attention span to do deep work.",03/20/2022,#pressforprogress
"Celebrate the women who forged the way for you!

",03/31/2022,#pressforprogress #WHM2022 #WHM #IWD2022#SeeHer #womenshistorymonth #womeninhistory #herstory
Recreate your own version of popular movie and TV scenes by inserting yourself as the star. Download InVidMe and show your social media friends and followers your creative videos! ,03/31/2022,#hollywood #oscars #actor #influencer #influencers #tiktok #movie
"""There's only one Michael Jackson, I'll be the first one to say that. No one can take his place."" Bruno Mars  ",03/31/2022,#influencer
"We had to go on a search for influencer programs just for you, and we were able to find these 9 delicious food and beverage brands looking for influencers like you.  ğŸ‘‰ ğŸ‘‰ ğŸ‘‰ https://bit.ly/35t9Kyx

",03/31/2022,#afluencer #influencer #digitalinfluencer #influencers #lifestyles
"In life, you learn many different things. Some things are learned in school, and some things you just pick up on your own as you go through life. 
slow but win
@factbygoogle
 ",03/26/2022,#MondayMotivation #influencer